วันที่ค้นหา,จังหวัด,วิธีการจัดหา,ลำดับ,หน่วยงาน,ชื่อโครงการ,วันที่ประกาศ,วงเงินงบประมาณ,สถานะ,ลิงก์
01/06/2026 07:29,พระนครศรีอยุธยา,e-Bidding,1,มหาวิทยาลัยเทคโนโลยีราชมงคลสุวรรณภูมิ,ประกวดราคาจ้างจ้างเหมาการจัดการประชุมวิชาการระดับชาติ มหาวิทยาลัยเทคโนโลยีราชมงคลสุวรรณภูมิ ครั้งที่ ๑๕ การประกวดสิ่งประดิษฐ์และนวัตกรรมราชมงคล ครั้งที่ ๗ และการประกวดผลงาน Startup ครั้งที่ ๓ ด้วยวิธีประกวดราคาอิเล็กทรอนิกส์ (e-bidding) (เลขที่โครงการ : 69059523099),29/05/2569,"3,000,000.00",ระหว่างดำเนินการ,
01/06/2026 07:29,พระนครศรีอยุธยา,e-Bidding,2,องค์การบริหารส่วนตำบลคานหาม,"ประกวดราคาซื้อรถตู้ (รถโดยสารขนาด ๑๒ ที่นั่ง (ดีเซล) ปริมาตรกระบอกสูบ ไม่ต่ำกว่า ๒,๔๐๐ ซีซี) จำนวน ๑ คัน  ของสำนักปลัด องค์การบริหารส่วนตำบลคานหาม ด้วยวิธีประกวดราคาอิเล็กทรอนิกส์ (e-bidding) (เลขที่โครงการ : 69039418961)",29/05/2569,"1,375,000.00",ระหว่างดำเนินการ,
01/06/2026 07:29,พระนครศรีอยุธยา,e-Bidding,3,เทศบาลตำบลลาดชะโด,ประกวดราคาจ้างก่อสร้างโครงก่อสร้างสะพานคอนกรีตเสริมเหล็กข้ามคลอง  หมู่ที่ 8 ตำบลหนองน้ำใหญ่  บริเวณหน้าบ้านนางสาวกนกรัตน์  เพ็ชรเขียว ด้วยวิธีประกวดราคาอิเล็กทรอนิกส์ (e-bidding) (เลขที่โครงการ : 69049377049),28/05/2569,"2,670,000.00",ระหว่างดำเนินการ,
01/06/2026 07:29,พระนครศรีอยุธยา,e-Bidding,4,เทศบาลตำบลลาดชะโด,ประกวดราคาจ้างก่อสร้างโครงการก่อสร้างถนนดินและลงลูกรังพร้อมวางท่อระบายน้ำ ค.ส.ล.  หมู่ที่ 2 ตำบลจักราช (บริเวณจากบ้านนายสุดใจ  กำลังคลี่  ถึง บ้านนายปัญญา  คงอนันต์) ด้วยวิธีประกวดราคาอิเล็กทรอนิกส์ (e-bidding) (เลขที่โครงการ : 69059095699),28/05/2569,"1,373,000.00",ระหว่างดำเนินการ,
01/06/2026 07:29,พระนครศรีอยุธยา,e-Bidding,5,องค์การบริหารส่วนตำบลไผ่พระ,"ประกวดราคาซื้อซื้อวัสดุก่อสร้างหินคลุกซ่อมแซมถนนพร้อมปรับเกลี่ยแต่งและบดทับบริเวณถนนภายในหมู่บ้าน  ตำบลกกแก้วบูรพา, ตำบลไผ่พระ และตำบลบ้านเกาะ องค์การบริหารส่วนตำบลไผ่พระ อำเภอบางไทร จังหวัดพระนครศรีอยุธยา ด้วยวิธีประกวดราคาอิเล็กทรอนิกส์ (e-bidding) (เลขที่โครงการ : 69059112306)",27/05/2569,"1,997,500.00",ระหว่างดำเนินการ,
01/06/2026 07:29,พระนครศรีอยุธยา,e-Bidding,6,จังหวัดพระนครศรีอยุธยา,ประกวดราคาซื้อครุภัณฑ์การแพทย์จำนวน ๑ รายการ ด้วยวิธีประกวดราคาอิเล็กทรอนิกส์ (e-bidding) (เลขที่โครงการ : 69059454012),27/05/2569,"1,000,000.00",ระหว่างดำเนินการ,
01/06/2026 07:29,พระนครศรีอยุธยา,e-Bidding,7,จังหวัดพระนครศรีอยุธยา,ประกวดราคาจ้างจ้างเหมาบริการตรวจวินิจฉัยด้วยเครื่องเอกซเรย์คอมพิวเตอร์ ความเร็วสูงชนิดไม่น้อยกว่า ๑๒๐ ภาพ จำนวน ๖๕ รายการ จำนวน ๑ งาน ด้วยวิธีประกวดราคาอิเล็กทรอนิกส์ (e-bidding) (เลขที่โครงการ : 69059396356),27/05/2569,"4,000,000.00",ระหว่างดำเนินการ,
01/06/2026 07:29,พระนครศรีอยุธยา,e-Bidding,8,เทศบาลตำบลลาดชะโด,ประกวดราคาซื้อจัดซื้อรถดับเพลิงเคลื่อนที่เร็ว  แบบรถยนต์บรรทุกขับเคลื่อน 4 ล้อ (4WD)  เครื่องยนต์ดีเซล 4 สูบ 4 จังหวะ มีกำลังแรงม้าไม่น้อยกว่า 150 แรงม้า พร้อมติดตั้งชุดอุปกรณ์ดับเพลิง ด้วยวิธีประกวดราคาอิเล็กทรอนิกส์ (e-bidding) (เลขที่โครงการ : 69049204135),27/05/2569,"4,500,000.00",ระหว่างดำเนินการ,
01/06/2026 07:29,พระนครศรีอยุธยา,e-Bidding,9,องค์การบริหารส่วนตำบลหลักชัย,"ประกวดราคาจ้างก่อสร้างโครงการก่อสร้างถนนคอนกรีตเสริมเหล็ก สายเลียบคลองรางเนื้อตาย รหัสทางหลวงท้องถิ่น อย.ถ. 154 - 32 หมู่ที่ 3,6 ตำบลหลักชัย อำเภอลาดบัวหลวง จังหวัดพระนครศรีอยุธยา ด้วยวิธีประกวดราคาอิเล็กทรอนิกส์ (e-bidding) (เลขที่โครงการ : 69049001969)",27/05/2569,"1,395,000.00",ระหว่างดำเนินการ,
01/06/2026 07:29,พระนครศรีอยุธยา,e-Bidding,10,องค์การบริหารส่วนตำบลหลักชัย,ประกวดราคาจ้างก่อสร้างโครงการปรับปรุงถนนคอนกรีตเสริมเหล็กสายเลียบคลองหมู่อีโดกฝั่งตะวันออก รหัสทางหลวงท้องถิ่น อย.ถ. 154 - 13 หมู่ที่ 6 ตำบลหลักชัย อำเภอลาดบัวหลวง จังหวัดพระนครศรีอยุธยา ด้วยวิธีประกวดราคาอิเล็กทรอนิกส์ (e-bidding) (เลขที่โครงการ : 69049200294),27/05/2569,"1,114,000.00",ระหว่างดำเนินการ,
01/06/2026 07:29,พระนครศรีอยุธยา,e-Bidding,11,องค์การบริหารส่วนตำบลบ้านขวาง,"ประกวดราคาจ้างก่อสร้างโครงการก่อสร้างถนนลาดยางแอสฟัลท์ติกคอนกรีต สายบ้านหนองหม้อ หมู่ที่ ๔ ตำบลบ้านขวาง กว้าง ๔ เมตร ยาว ๔๕๐ เมตร หนา ๐.๐๕ เมตร หรือมีพื้นที่ไม่น้อยกว่า ๑,๘๐๐ ตารางเมตร องค์การบริหารส่วนตำบลบ้านขวาง อำเภอมหาราช จังหวัดพระนครศรีอยุธยา ด้วยวิธีประกวดราคาอิเล็กทรอนิกส์ (e-bidding) (เลขที่โครงการ : 69059274404)",27/05/2569,"1,821,000.00",ระหว่างดำเนินการ,
01/06/2026 07:29,พระนครศรีอยุธยา,e-Bidding,12,จังหวัดพระนครศรีอยุธยา,ประกวดราคาซื้อซึ้อครุภัณฑ์การแพทย์ จำนวน ๑๐ รายการ ด้วยวิธีประกวดราคาอิเล็กทรอนิกส์ (e-bidding) (เลขที่โครงการ : 69059334105),27/05/2569,"3,519,000.00",ระหว่างดำเนินการ,
01/06/2026 07:29,พระนครศรีอยุธยา,e-Bidding,13,เทศบาลตำบลคลองจิก,ประกวดราคาซื้อรถขุดตีนตะขาบ ขนาด ๓ ตัน จำนวน ๑ คัน ด้วยวิธีประกวดราคาอิเล็กทรอนิกส์ (e-bidding) (เลขที่โครงการ : 69029240219),26/05/2569,"2,500,000.00",ระหว่างดำเนินการ,
01/06/2026 07:29,พระนครศรีอยุธยา,e-Bidding,14,โรงเรียนเสนาเสนาประสิทธิ์,ประกวดราคาเช่าเช่าระบบดูแลช่วยเหลือนักเรียนและบริหารจัดการสถานศึกษา พร้อมติดตั้งอุปกรณ์ ด้วยวิธีประกวดราคาอิเล็กทรอนิกส์ (e-bidding) (เลขที่โครงการ : 69059315561),26/05/2569,"830,000.00",ระหว่างดำเนินการ,
01/06/2026 07:29,พระนครศรีอยุธยา,e-Bidding,15,กรมชลประทาน โดย โครงการส่งน้ำและบำรุงรักษานครหลวง,ประกวดราคาซื้องานจัดหาพร้อมติดตั้งเครนไฟฟ้าแบบวิ่งบนรางเดี่ยว (Monorail Crane) ขนาด8 เมตริกตัน และระบบไฟฟ้าภายในโครงการ จำนวน 2 รายการ  งานปรับปรุงประตูระบายน้ำ ปากคลองส่งน้ำสายใหญ่นครหลวง ในเขตท้องที่ ต.จำปา อ.ท่าเรือ จ.พระนครศรีอยุธยา ด้วยวิธีประกวดราคาอิเล็กทรอนิกส์ (e-bidding) (เลขที่โครงการ : 69059170036),25/05/2569,"6,633,469.00",ระหว่างดำเนินการ,
01/06/2026 07:29,พระนครศรีอยุธยา,e-Bidding,16,องค์การบริหารส่วนตำบลบ้านร่อม,ประกวดราคาจ้างก่อสร้างโครงการปรับปรุงพื้นผิวถนนคอนกรีตเสริมเหล็กโดยการปูยางแอสฟัลท์ติกคอนกรีตปิดทับ บริเวณทางสาธารณประโยชน์ หมู่ที่ 7 และหมู่ที่ 8 ตำบลบ้านร่อม อำเภอท่าเรือ จังหวัดพระนครศรีอยุธยา ด้วยวิธีประกวดราคาอิเล็กทรอนิกส์ (e-bidding) (เลขที่โครงการ : 69059103827),25/05/2569,"1,117,600.00",ระหว่างดำเนินการ,
01/06/2026 07:29,พระนครศรีอยุธยา,e-Bidding,17,กรมชลประทาน,ประกวดราคาซื้องานจัดหาพร้อมติดตั้งเครื่องคราดขยะอัตโนมัติ ขนาด 6.00 x 5.00 ม. พร้อมอุปกรณ์ประกอบครบชุด สำหรับงานปรับปรุงเครื่องคราดขยะ ปตร. ปลายคลองระบายน้ำที่ 3 ตำบลบึงยี่โถ อำเภอธัญบุรี จังหวัดปทุมธานี จำนวน 1 งาน ด้วยวิธีประกวดราคาอิเล็กทรอนิกส์ (e-bidding) (เลขที่โครงการ : 69059268880),25/05/2569,"9,480,000.00",ระหว่างดำเนินการ,
01/06/2026 07:29,พระนครศรีอยุธยา,e-Bidding,18,โรงพยาบาลท่าเรือ,ประกวดราคาซื้อเครื่องซักผ้า แบบอุตสาหกรรม ขนาด 50 ปอนด์ จำนวน 2 เครื่อง ด้วยวิธีประกวดราคาอิเล็กทรอนิกส์ (e-bidding) (เลขที่โครงการ : 69059338147),25/05/2569,"536,000.00",ระหว่างดำเนินการ,
01/06/2026 07:29,พระนครศรีอยุธยา,e-Bidding,20,จังหวัดพระนครศรีอยุธยา,ประกวดราคาจ้างเหมาบริการตรวจวินิจฉัยทางรังสีวิทยา ด้วยเครื่องเอกซเรย์คอมพิวเตอร์ความเร็วสูงชนิดไม่น้อยกว่า 128 ภาพต่อการหมุน 1 รอบ ด้วยวิธีประกวดราคาอิเล็กทรอนิกส์ (e-bidding) (เลขที่โครงการ : 69049315405),25/05/2569,"4,500,000.00",ระหว่างดำเนินการ,
01/06/2026 07:29,พระนครศรีอยุธยา,e-Bidding,21,กรมชลประทาน,ประกวดราคาซื้อคอนกรีตผสมเสร็จ กำลังอัดประลัยที่อายุ 28 วัน (กก. ตร.ซม.) มอก.213-2560 รูปลูกบาศก์ 15 x 15 x 15 ซม. และรูปทรงกระบอก 15 x 30 ซม. รูปลูกบาศก์ 180 กก. ตร.ซม. และรูปทรงกระบอก 140 กก. ตร.ซม. จำนวน 529 ลูกบาศก์เมตร ของงานซ่อมแซมคลองส่งน้ำ 1 ขวา 1 ความยาว 1.840 กิโลเมตร โครงการส่งน้ำและบำรุงรักษาป่าสักใต้ ตำบลจำปา อำเภอท่าเรือ จังหวัดพระนครศรีอยุธยา ด้วยวิธีประกวดราคาอิเล็กทรอนิกส์ (e-bidding) (เลขที่โครงการ : 69059291608),25/05/2569,"1,204,956.20",ระหว่างดำเนินการ,
01/06/2026 07:29,พระนครศรีอยุธยา,e-Bidding,22,เทศบาลนครพระนครศรีอยุธยา,ประกวดราคาจ้างก่อสร้างโครงการปรับปรุงผิวจราจรแอสฟัลท์ติกคอนกรีตถนนนเรศวรซอย 1 จำนวน 1 โครงการ ด้วยวิธีประกวดราคาอิเล็กทรอนิกส์ (e-bidding) (เลขที่โครงการ : 69059087984),25/05/2569,"1,105,000.00",ระหว่างดำเนินการ,
01/06/2026 07:29,พระนครศรีอยุธยา,e-Bidding,24,สำนักงานเขตพื้นที่การศึกษามัธยมศึกษาพระนครศรีอยุธยา,ประกวดราคาจ้างก่อสร้างอาคารสำนักงานเขตพื้นที่การศึกษา แบบที่ 2 (ในเขตแผ่นดินไหว) สำนักงานเขตพื้นที่การศึกษามัธยมศึกษาพระนครศรีอยุธยา ด้วยวิธีประกวดราคาอิเล็กทรอนิกส์ (e-bidding) (เลขที่โครงการ : 69059287965),25/05/2569,"20,725,000.00",ระหว่างดำเนินการ,
01/06/2026 07:29,พระนครศรีอยุธยา,e-Bidding,25,การไฟฟ้าส่วนภูมิภาค,ประกวดราคาจ้างก่อสร้างก่อสร้างโรงเก็บพัสดุ และสิ่งประกอบอื่น ๆ  คลังพัสดุเสนา ที่ สถานีไฟฟ้าเสนา จังหวัดพระนครศรีอยุธยา ด้วยวิธีประกวดราคาอิเล็กทรอนิกส์ (e-bidding) (เลขที่โครงการ : 69059209248),22/05/2569,"9,309,000.00",ระหว่างดำเนินการ,
01/06/2026 07:29,พระนครศรีอยุธยา,e-Bidding,26,เทศบาลตำบลบางกระสั้น,ประกวดราคาซื้อจัดซื้อไมค์ห้องประชุมชนิดไร้สาย ด้วยวิธีประกวดราคาอิเล็กทรอนิกส์ (e-bidding) (เลขที่โครงการ : 69059367396),22/05/2569,"2,600,000.00",ระหว่างดำเนินการ,
01/06/2026 07:29,พระนครศรีอยุธยา,e-Bidding,27,องค์การบริหารส่วนตำบลตลิ่งชัน-คุ้งลาน,ประกวดราคาจ้างก่อสร้างโครงการก่อสร้างถนน คสล. หมู่ที่ 2 ตำบลคุ้งลาน อำเภอบางปะอิน จังหวัดพระนครศรีอยุธยา ด้วยวิธีประกวดราคาอิเล็กทรอนิกส์ (e-bidding) (เลขที่โครงการ : 69049378560),22/05/2569,"1,351,000.00",ระหว่างดำเนินการ,
01/06/2026 07:29,พระนครศรีอยุธยา,e-Bidding,28,เทศบาลเมืองบ้านสร้าง,"ประกวดราคาซื้อครุภัณฑ์ยานพาหนะและขนส่ง รถบรรทุก (ดีเซล) แบบบรรทุกน้ำ ขนาด 6 ตัน 6 ล้อ ปริมาตรกระบอกสูบไม่ต่ำกว่า 6,000 ซีซี หรือกำลังเครื่องยนต์สูงสุดไม่ต่ำกว่า 170 กิโลวัตต์ จำนวน 1 คัน ด้วยวิธีประกวดราคาอิเล็กทรอนิกส์ (e-bidding) (เลขที่โครงการ : 69039232376)",22/05/2569,"2,702,000.00",ระหว่างดำเนินการ,
01/06/2026 07:29,พระนครศรีอยุธยา,e-Bidding,29,สถาบันส่งเสริมศิลปหัตถกรรมไทย (องค์การมหาชน),ประกวดราคาซื้อหอผึ่งลม (Cooling Tower) พร้อมติดตั้ง ด้วยวิธีประกวดราคาอิเล็กทรอนิกส์ (e-bidding) (เลขที่โครงการ : 69059211194),22/05/2569,"12,000,000.00",ระหว่างดำเนินการ,
01/06/2026 07:29,พระนครศรีอยุธยา,e-Bidding,31,เทศบาลนครพระนครศรีอยุธยา,ประกวดราคาจ้างก่อสร้างโครงการปรับปรุงถนนแอสฟัลท์ติกคอนกรีตพร้อมวางท่อภายในเทศบาลนครพระนครศรีอยุธยา ด้วยวิธีประกวดราคาอิเล็กทรอนิกส์ (e-bidding) (เลขที่โครงการ : 69059087163),22/05/2569,"5,033,000.00",ระหว่างดำเนินการ,
01/06/2026 07:29,พระนครศรีอยุธยา,e-Bidding,32,องค์การบริหารส่วนตำบลบ้านเกาะ,ประกวดราคาจ้างก่อสร้างอาคารเก็บพัสดุ บริเวณด้านหลัง อบต.บ้านเกาะ หมู่ที่ 2 ตำบลบ้านเกาะ (รายละเอียดตามแบบแปลนที่ อบต.บ้านเกาะกำหนด) ด้วยวิธีประกวดราคาอิเล็กทรอนิกส์ (e-bidding) (เลขที่โครงการ : 69059159662),22/05/2569,"980,000.00",ระหว่างดำเนินการ,
01/06/2026 07:29,พระนครศรีอยุธยา,e-Bidding,33,องค์การบริหารส่วนตำบลคลองพระยาบันลือ,ประกวดราคาจ้างก่อสร้างโครงการต่อเติมอาคารเอนกประสงค์องค์การบริหารส่วนตำบลคลองพระยาบันลือ ด้วยวิธีประกวดราคาอิเล็กทรอนิกส์ (e-bidding) (เลขที่โครงการ : 69049143893),21/05/2569,"5,383,000.00",ระหว่างดำเนินการ,
01/06/2026 07:29,พระนครศรีอยุธยา,e-Bidding,34,องค์การบริหารส่วนตำบลดอนหญ้านาง,"ประกวดราคาจ้างก่อสร้างโครงการปรับปรุงผิวจราจรถนนคอนกรีตเสริมเหล็ก รหัสทางหลวงท้องถิ่น อย.ถ.๖๔-๐๑๙ สายเลียบคลองชลประทานคลองเพรียวฝั่งซ้าย หมู่ที่ ๗,๘,๖ บ้านโคกม้า,บ้านโคกแฝก,บ้านพลับ ตำบลดอนหญ้านาง กว้าง ๔ เมตร ยาว ๒,๒๒๔ เมตร หนา ๐.๑๕ เมตร หรือมีพื้นที่ไม่น้อยกว่า ๘,๘๙๖ ตารางเมตร องค์การบริหารส่วนตำบลดอนหญ้านาง อำเภอภาชี จังหวัดพระนครศรีอยุธยา ด้วยวิธีประกวดราคาอิเล็กทรอนิกส์ (e-bidding) (เลขที่โครงการ : 69059174975)",21/05/2569,"7,920,000.00",ระหว่างดำเนินการ,
01/06/2026 07:29,พระนครศรีอยุธยา,e-Bidding,35,จังหวัดพระนครศรีอยุะยา,ประกวดราคาซื้อครุภัณฑ์การแพทย์จำนวน ๑ รายการ ด้วยวิธีประกวดราคาอิเล็กทรอนิกส์ (e-bidding) (เลขที่โครงการ : 69059330770),21/05/2569,"1,000,000.00",ยกเลิกประกาศเชิญชวน,
01/06/2026 07:29,พระนครศรีอยุธยา,e-Bidding,36,เทศบาลนครพระนครศรีอยุธยา,ประกวดราคาจ้างก่อสร้างจ้างโครงการปรับปรุงและก่อสร้างตลาดบก-ตลาดน้ำพื้นบ้านอยุธยา ตำบลประตูชัย อำเภอพระนครศรีอยุธยา ด้วยวิธีประกวดราคาอิเล็กทรอนิกส์ (e-bidding) (เลขที่โครงการ : 69049206513),21/05/2569,"11,000,000.00",ระหว่างดำเนินการ,
01/06/2026 07:29,พระนครศรีอยุธยา,e-Bidding,37,เทศบาลตำบลเชียงรากน้อย,ประกวดราคาซื้อถังขยะมูลฝอยคอนเทนเนอร์ ขนาดความจุของมูลฝอยไม่น้อยกว่า ๔ ลูกบาศก์เมตร จำนวน ๖ ใบ ด้วยวิธีประกวดราคาอิเล็กทรอนิกส์ (e-bidding) (เลขที่โครงการ : 69059260281),21/05/2569,"900,000.00",ระหว่างดำเนินการ,
01/06/2026 07:29,พระนครศรีอยุธยา,e-Bidding,38,จังหวัดพระนครศรีอยุธยา,"ประกวดราคาซื้อรถบรรทุก (ดีเซล) ขนาด 1 ตัน ปริมาตรกระบอกสูบไม่ต่ำกว่า 2,400 ซีซี หรือกำลังเครื่องยนต์สูงสุดไม่ต่ำกว่า 110 กิโลวัตต์ ขับเคลื่อน 2 ล้อ แบบดับเบิ้ลแค็บ ด้วยวิธีประกวดราคาอิเล็กทรอนิกส์ (e-bidding) (เลขที่โครงการ : 69049443896)",21/05/2569,"850,000.00",ระหว่างดำเนินการ,
01/06/2026 07:29,พระนครศรีอยุธยา,e-Bidding,39,จังหวัดพระนครศรีอยุธยา,ประกวดราคาจ้างก่อสร้างโดมอเนกประสงค์โรงพยาบาลส่งเสริมสุขภาพตำบลดอนหญ้านาง ด้วยวิธีประกวดราคาอิเล็กทรอนิกส์ (e-bidding) (เลขที่โครงการ : 69049089675),20/05/2569,"573,000.00",ระหว่างดำเนินการ,
01/06/2026 07:29,พระนครศรีอยุธยา,e-Bidding,40,จังหวัดพระนครศรีอยุธยา,ประกวดราคาเช่าเช่าเครื่องตรวจวิเคราะห์อัตโนมัติงานเคมีคลินิก และภูมิคุ้มกันพร้อมน้ำยา จำนวน ๕๒ รายการ ด้วยวิธีประกวดราคาอิเล็กทรอนิกส์ (e-bidding) (เลขที่โครงการ : 69049280868),19/05/2569,"9,811,700.00",ระหว่างดำเนินการ,
01/06/2026 07:29,พระนครศรีอยุธยา,e-Bidding,41,องค์การบริหารส่วนตำบลกุฎี,ประกวดราคาจ้างก่อสร้างโครงการก่อสร้างรั้วพร้อมป้ายชื่อองค์การบริหารส่วนตำบลกุฎี ด้วยวิธีประกวดราคาอิเล็กทรอนิกส์ (e-bidding) (เลขที่โครงการ : 69059001749),19/05/2569,"2,100,000.00",ระหว่างดำเนินการ,
01/06/2026 07:29,พระนครศรีอยุธยา,e-Bidding,42,องค์การบริหารส่วนตำบลบ้านใหม่,ประกวดราคาจ้างก่อสร้างโครงการถนนคอนกรีตเสริมเหล็ก พร้อมวางท่อระบายน้ำ ซอยบ้านผู้ใหญ่สะอาด ไตรอุดม หมู่ที่ 7 ด้วยวิธีประกวดราคาอิเล็กทรอนิกส์ (e-bidding) (เลขที่โครงการ : 69059033516),19/05/2569,"1,006,200.00",ระหว่างดำเนินการ,
01/06/2026 07:29,พระนครศรีอยุธยา,e-Bidding,43,เทศบาลตำบลพระอินทราชา,ประกวดราคาซื้อโครงการจัดซื้อรถโดยสาร (ดีเซล) ด้วยวิธีประกวดราคาอิเล็กทรอนิกส์ (e-bidding) (เลขที่โครงการ : 68129038399),19/05/2569,"1,358,000.00",ระหว่างดำเนินการ,
01/06/2026 07:29,พระนครศรีอยุธยา,e-Bidding,44,เทศบาลตำบลบางปะอิน,ประกวดราคาซื้อครุภัณฑ์ยานพาหนะและขนส่ง รถบรรทุก (ดีเซล) ด้วยวิธีประกวดราคาอิเล็กทรอนิกส์ (e-bidding) (เลขที่โครงการ : 69059065979),18/05/2569,"935,000.00",ระหว่างดำเนินการ,
01/06/2026 07:29,พระนครศรีอยุธยา,e-Bidding,45,โรงเรียนวัดมณฑลประสิทธิ์ (อาจธวัชประชานุกูล),ประกวดราคาจ้างก่อสร้างโครงการปรับปรุงอาคารและสถานที่โรงเรียนวัดมณฑลประสิทธิ์ หมู่ ๔ ตำบลวังน้อย ด้วยวิธีประกวดราคาอิเล็กทรอนิกส์ (e-bidding) (เลขที่โครงการ : 69059138980),18/05/2569,"890,000.00",ระหว่างดำเนินการ,
01/06/2026 07:29,พระนครศรีอยุธยา,e-Bidding,46,วิทยาลัยเทคนิคพระนครศรีอยุธยา,ประกวดราคาซื้อชุดเครื่องจักรอัตโนมัติตามสมรรถนะสาขาวิชาเมคคาทรอนิกส์และหุ่นยนต์ ด้วยวิธีประกวดราคาอิเล็กทรอนิกส์ (e-bidding) (เลขที่โครงการ : 69059235324),15/05/2569,"4,000,000.00",ระหว่างดำเนินการ,
01/06/2026 07:29,พระนครศรีอยุธยา,e-Bidding,47,องค์การบริหารส่วนตำบลสำพะเนียง,"ประกวดราคาจ้างก่อสร้างโครงการปรับปรุงถนนคอนกรีตเสริมเหล็ก จุดเริ่มต้นบริเวณบ้านนางพัฒนี สุริวงษ์ จุดสิ้นสุดบริเวณนานายพงศ์ภัทร ยิ้มพงษ์ หมู่ที่ ๑ ตำบลสำพะเนียง กว้าง ๓.๕๐ เมตร ยาว ๓๒๒.๐๐ เมตร หนา ๐.๑๕ เมตร หรือมีพื้นที่ไม่น้อยกว่า ๑,๑๒๗.๐๐ ตารางเมตร องค์การบริหารส่วนตำบลสำพะเนียง อำเภอบ้านแพรก จังหวัดพระนครศรีอยุธยา ด้วยวิธีประกวดราคาอิเล็กทรอนิกส์ (e-bidding) (เลขที่โครงการ : 69059200802)",15/05/2569,"690,000.00",ระหว่างดำเนินการ,
01/06/2026 07:29,พระนครศรีอยุธยา,e-Bidding,48,เทศบาลตำบลปราสาททอง,ประกวดราคาจ้างก่อสร้างโครงการปรับปรุงถนน คสล.ชุมชนท้องคุ้ง หมู่ที่ 11 ตำบลบ้านเลน อำเภอบางปะอิน จังหวัดพระนครศรีอยุธยา ด้วยวิธีประกวดราคาอิเล็กทรอนิกส์ (e-bidding) (เลขที่โครงการ : 69059107306),15/05/2569,"5,564,000.00",ระหว่างดำเนินการ,
01/06/2026 07:29,พระนครศรีอยุธยา,e-Bidding,49,องค์การบริหารส่วนตำบลหนองไม้ซุง,ประกวดราคาซื้อรถฟาร์มแทรกเตอร์ ชนิดขับเคลื่อน 4 ล้อ ขนาด 85 แรงม้า พร้อมอุปกรณ์ใบมีดดันดินหน้า และเครื่องตัดหญ้าไหล่ทาง จำนวน 1 คัน ด้วยวิธีประกวดราคาอิเล็กทรอนิกส์ (e-bidding) (เลขที่โครงการ : 69059051740),15/05/2569,"2,800,000.00",ระหว่างดำเนินการ,
01/06/2026 07:29,พระนครศรีอยุธยา,e-Bidding,50,เทศบาลเมืองเจ้าเจ็ด,"ประกวดราคาจ้างก่อสร้างโครงการปรับปรุงผิวจราจรถนนแอสฟัลท์ติกคอนกรีตบริเวณเจ้าเจ็ด ซอย ๑๑ หมู่ ๖,๗ ตำบลเจ้าเจ็ด ด้วยวิธีประกวดราคาอิเล็กทรอนิกส์ (e-bidding) (เลขที่โครงการ : 69029314104)",15/05/2569,"1,310,000.00",ระหว่างดำเนินการ,
01/06/2026 07:29,พระนครศรีอยุธยา,e-Bidding,51,องค์การบริหารส่วนจังหวัดพระนครศรีอยุธยา,ประกวดราคาจ้างก่อสร้างโครงการก่อสร้างโครงหลังคาเหล็กอเนกประสงค์บริเวณมัสยิดตะเกี่ยโยคิณราชมิจจินจาสยาม ตำบลคลองตะเคียน อำเภอพระนครศรีอยุธยา จังหวัดพระนครศรีอยุธยา ด้วยวิธีประกวดราคาอิเล็กทรอนิกส์ (e-bidding) (เลขที่โครงการ : 68119062489),15/05/2569,"4,400,000.00",ยกเลิกประกาศเชิญชวน,
01/06/2026 07:29,สระบุรี,e-Bidding,1,องค์การบริหารส่วนจังหวัดสระบุรี,ประกวดราคาซื้อโครงการจัดหารถบรรทุกน้ำดับเพลิงแบบอเนกประสงค์ จำนวน ๑ คัน ด้วยวิธีประกวดราคาอิเล็กทรอนิกส์ (e-bidding) (เลขที่โครงการ : 69019048274),29/05/2569,"6,500,000.00",ระหว่างดำเนินการ,
01/06/2026 07:29,สระบุรี,e-Bidding,2,กรมทางหลวงชนบท,ประกวดราคาจ้างก่อสร้างซ่อมสร้างผิวทางแอสฟัลต์คอนกรีต (โดยวิธี Pavement In - Place Recycling) งานบำรุงถนนสาย ลบ.๔๑๓๑ แยกทางหลวงหมายเลข ๓๐๒๘ - โรงเรียนบ้านหมี่ อ.บ้านหมี่ จ.ลพบุรี จำนวน ๑ แห่ง ด้วยวิธีประกวดราคาอิเล็กทรอนิกส์ (e-bidding) (เลขที่โครงการ : 69059206652),29/05/2569,"8,000,000.00",ระหว่างดำเนินการ,
01/06/2026 07:29,สระบุรี,e-Bidding,3,องค์การบริหารส่วนตำบลวังม่วง,"ประกวดราคาจ้างก่อสร้างก่อสร้างถนนคอนกรีตเสริมเหล็ก หมู่ที่ 5 (วังม่วงเก่านอกเขต) ตำบลวังม่วง กว้าง 4 เมตร ยาว 389 เมตร หนา 0.15 เมตร หรือมีพื้นที่ ผิวจราจรคอนกรีตรวมไม่น้อยกว่า 1,556 ตารางเมตร พร้อมติดตั้งไฟฟ้าโซล่าเซลล์บัญชีนวัตกรรมไทย องค์การบริหารส่วนตำบลวังม่วง อำเภอวังม่วง จังหวัดสระบุรี ด้วยวิธีประกวดราคาอิเล็กทรอนิกส์ (e-bidding) (เลขที่โครงการ : 69059353249)",28/05/2569,"1,352,000.00",ระหว่างดำเนินการ,
01/06/2026 07:29,สระบุรี,e-Bidding,6,จังหวัดสระบุรี,ประกวดราคาจ้างเหมาบริการดูแล บำรุงรักษาสนาม สวนหย่อม ความสะอาดถนน ทางเดิน ลานจอดรถ พื้นที่ว่าง เก็บและขนขยะ ในบริเวณพื้นที่โรงพยาบาลพระพุทธบาท ครั้ง ๓ ด้วยวิธีประกวดราคาอิเล็กทรอนิกส์ (e-bidding) (เลขที่โครงการ : 69059435790),28/05/2569,"1,533,000.00",ระหว่างดำเนินการ,
01/06/2026 07:29,สระบุรี,e-Bidding,7,เทศบาลเมืองสระบุรี,ประกวดราคาซื้อโครงการติดตั้งหม้อแปลงไฟฟ้า ขนาด ๕๐๐ kva พร้อมปักเสาเดินสาย ที่ทำการฝ่ายผลิตที่ ๓ (ประปาแก่งขนุน) ด้วยวิธีประกวดราคาอิเล็กทรอนิกส์ (e-bidding) (เลขที่โครงการ : 69019010276),28/05/2569,"2,000,000.00",ระหว่างดำเนินการ,
01/06/2026 07:29,สระบุรี,e-Bidding,8,เทศบาลตำบลคำพราน,"ประกวดราคาซื้อรถบรรทุกขยะ ขนาด 6 ตัน 6 ล้อ ปริมาตรกระบอกสูบไม่ต่ำกว่า 6,000 ซีซี หรือกำลังเครื่องยนต์สูงสุด ไม่ต่ำกว่า 170 กิโลวัตต์ แบบอัดท้าย จำนวน 1 คัน ด้วยวิธีประกวดราคาอิเล็กทรอนิกส์ (e-bidding) (เลขที่โครงการ : 69049131596)",28/05/2569,"2,643,000.00",ระหว่างดำเนินการ,
01/06/2026 07:29,สระบุรี,e-Bidding,9,การประปาส่วนภูมิภาคเขต ๒,ประกวดราคาซื้องานก่อสร้างบ้านพัก ๔ ครอบครัว การประปาส่วนภูมิภาคสาขาท่าเรือ ด้วยวิธีประกวดราคาอิเล็กทรอนิกส์ (e-bidding) (เลขที่โครงการ : 69059448876),27/05/2569,"3,909,780.00",ระหว่างดำเนินการ,
01/06/2026 07:29,สระบุรี,e-Bidding,10,การประปาส่วนภูมิภาคเขต ๒,"ประกวดราคาจ้างก่อสร้างงานซ่อมแซมถังน้ำใสขนาด ๖,๐๐๐ ลบ.ม. ตำบลบ้านใหญ่ อำเภอเมืองนครนายก จังหวัดนครนายก การประปาส่วนภูมิภาคสาขานครนายก ด้วยวิธีประกวดราคาอิเล็กทรอนิกส์ (e-bidding) (เลขที่โครงการ : 69059449792)",27/05/2569,"2,014,489.00",ระหว่างดำเนินการ,
01/06/2026 07:29,สระบุรี,e-Bidding,11,องค์การบริหารส่วนตำบลชะอม,ประกวดราคาซื้อจัดซื้อครุภัณฑ์ยานพาหนะและขนส่ง(รถบรรทุก ดีเซล)กองสวัสดิการสังคม ด้วยวิธีประกวดราคาอิเล็กทรอนิกส์ (e-bidding) (เลขที่โครงการ : 69059449165),27/05/2569,"923,000.00",ระหว่างดำเนินการ,
01/06/2026 07:29,สระบุรี,e-Bidding,12,จังหวัดสระบุรี,ประกวดราคาจ้างโครงการจัดงานประเพณีตักบาตรดอกเข้าพรรษาและถวายเทียนพระราชทานจังหวัดสระบุรี ประจำปี ๒๕๖๙ ด้วยวิธีประกวดราคาอิเล็กทรอนิกส์ (e-bidding) (เลขที่โครงการ : 69059036507),27/05/2569,"6,900,000.00",ระหว่างดำเนินการ,
01/06/2026 07:29,สระบุรี,e-Bidding,13,จังหวัดสระบุรี,ประกวดราคาซื้อเครื่องฟอกไตแบบมาตรฐาน จำนวน 2 เครื่อง ด้วยวิธีประกวดราคาอิเล็กทรอนิกส์ (e-bidding) (เลขที่โครงการ : 69049395349),27/05/2569,"1,000,000.00",ระหว่างดำเนินการ,
01/06/2026 07:29,สระบุรี,e-Bidding,14,เทศบาลเมืองแก่งคอย,ประกวดราคาจ้างก่อสร้างก่อสร้างอาคารเรียน  ๔  ชั้น ๑๒  ห้องเรียน  แบบตอกเสาเข็ม  โรงเรียนเทศบาลพัฒนา ตำบลแก่งคอย  อำเภอแก่งคอย  จังหวัดสระบุรี ด้วยวิธีประกวดราคาอิเล็กทรอนิกส์ (e-bidding) (เลขที่โครงการ : 69059010170),27/05/2569,"12,170,122.00",ระหว่างดำเนินการ,
01/06/2026 07:29,สระบุรี,e-Bidding,15,จังหวัดสระบุรี,ประกวดราคาซื้อครุภัณฑ์การแพทย์ รายการเครื่องช่วยหายใจชนิดควบคุมด้วยปริมาตรและความดันขนาดกลาง จำนวน 4 เครื่อง ด้วยวิธีประกวดราคาอิเล็กทรอนิกส์ (e-bidding) (เลขที่โครงการ : 69059286159),27/05/2569,"3,200,000.00",ระหว่างดำเนินการ,
01/06/2026 07:29,สระบุรี,e-Bidding,16,กรมทางหลวงชนบท,"ประกวดราคาจ้างก่อสร้างปรับปรุงทางเพื่อความปลอดภัย งานอำนวยความปลอดภัย ถนนสาย สบ.๑๐๐๒ แยกทางหลวงหมายเลข ๑ - บ้านสองคอน อ.เฉลิมพระเกียรติ, แก่งคอย จ.สระบุรี จำนวน ๑ แห่ง ด้วยวิธีประกวดราคาอิเล็กทรอนิกส์ (e-bidding) (เลขที่โครงการ : 69059156850)",27/05/2569,"5,000,000.00",ระหว่างดำเนินการ,
01/06/2026 07:29,สระบุรี,e-Bidding,17,เทศบาลตำบลคำพราน,ประกวดราคาจ้างก่อสร้างรางระบายน้ำรูปตัวยู ชุมชนบ้านคำพราน หมู่ที่ 2 ด้วยวิธีประกวดราคาอิเล็กทรอนิกส์ (e-bidding) (เลขที่โครงการ : 69039547391),27/05/2569,"1,200,000.00",ระหว่างดำเนินการ,
01/06/2026 07:29,สระบุรี,e-Bidding,18,เทศบาลเมืองพระพุทธบาท,ประกวดราคาจ้างก่อสร้างโครงการก่อสร้างถนนพร้อมท่อระบาย ค.ส.ล. ซอยวิจิตรเดชา ม.12 ต.ธารเกษม (ชุมชนธารทองแดง) ด้วยวิธีประกวดราคาอิเล็กทรอนิกส์ (e-bidding) (เลขที่โครงการ : 69039021169),26/05/2569,"1,500,000.00",ระหว่างดำเนินการ,
01/06/2026 07:29,สระบุรี,e-Bidding,19,เทศบาลตำบลวังม่วง,ประกวดราคาซื้อโครงการจัดซื้อรถโดยสารขนาด 12 ที่นั่ง(ดีเซล) ปริมาตรกระบอกสูบไม่ต่ำกว่า 2400 ซีซี จำนวน 1 คัน ด้วยวิธีประกวดราคาอิเล็กทรอนิกส์ (e-bidding) (เลขที่โครงการ : 69059074011),26/05/2569,"1,438,000.00",ระหว่างดำเนินการ,
01/06/2026 07:29,สระบุรี,e-Bidding,20,จังหวัดสระบุรี,ประกวดราคาซื้อครุภัณฑ์การแพทย์ (ยูนิตทำฟัน) จำนวน 1 รายการ ด้วยวิธีประกวดราคาอิเล็กทรอนิกส์ (e-bidding) (เลขที่โครงการ : 69059345107),25/05/2569,"920,000.00",ระหว่างดำเนินการ,
01/06/2026 07:29,สระบุรี,e-Bidding,21,จังหวัดสระบุรี,ประกวดราคาจ้างก่อสร้างก่อสร้างอาคารผู้ป่วย 60 เตียง (พร้อมลิฟท์) โรงพยาบาลแก่งคอย จังหวัดสระบุรี จำนวน ๑ หลัง ด้วยวิธีประกวดราคาอิเล็กทรอนิกส์ (e-bidding) (เลขที่โครงการ : 69059052020),22/05/2569,"17,200,000.00",ระหว่างดำเนินการ,
01/06/2026 07:29,สระบุรี,e-Bidding,22,เทศบาลเมืองสระบุรี,ประกวดราคาจ้างก่อสร้างอาคารหลังคาโครงเหล็ก โรงเรียนเทศบาล 8 (วัดเจดีย์งาม) ด้วยวิธีประกวดราคาอิเล็กทรอนิกส์ (e-bidding) (เลขที่โครงการ : 69049227050),22/05/2569,"3,140,000.00",ระหว่างดำเนินการ,
01/06/2026 07:29,สระบุรี,e-Bidding,23,องค์การบริหารส่วนตำบลหนองปลาไหล,ประกวดราคาจ้างก่อสร้างโครงการเสริมผิวจราจรแอสฟัลติก หมู่ที่ ๖ ด้วยวิธีประกวดราคาอิเล็กทรอนิกส์ (e-bidding) (เลขที่โครงการ : 69049268479),22/05/2569,"754,400.00",ระหว่างดำเนินการ,
01/06/2026 07:29,สระบุรี,e-Bidding,24,กรมชลประทาน,ประกวดราคาซื้อประตูน้ำ(Gate Valve) ชนิดบนดินก้านไม่ยก ขนาด ศก. 150 มม. มอก.432-2529 และอื่น ๆ จำนวน 18 รายการ งานซ่อมแซมระบบส่งน้ำฝั่งซ้าย (ท่อส่งน้ำสายซอย โซนที่ 5) อ่างเก็บน้ำห้วยหินขาวอันเนื่องมาจากพระราชดำริ โครงการชลประทานสระบุรี ตำบลเขาดินพัฒนา อำเภอเฉลิมพระเกียรติ จังหวัดสระบุรี ด้วยวิธีประกวดราคาอิเล็กทรอนิกส์ (e-bidding) (เลขที่โครงการ : 69059186478),22/05/2569,"2,452,360.00",ระหว่างดำเนินการ,
01/06/2026 07:29,สระบุรี,e-Bidding,25,องค์การบริหารส่วนตำบลหนองสรวง,ประกวดราคาจ้างก่อสร้างโครงการขยายไหล่ทาง คสล. หมู่ที่ ๕ บริเวณสายบ้านผู้ใหญ่บ้าน ด้วยวิธีประกวดราคาอิเล็กทรอนิกส์ (e-bidding) (เลขที่โครงการ : 69059228892),22/05/2569,"586,000.00",ระหว่างดำเนินการ,
01/06/2026 07:29,สระบุรี,e-Bidding,26,องค์การบริหารส่วนตำบลตลิ่งชัน,ประกวดราคาจ้างก่อสร้างจ้างก่อสร้างทางข้ามคลองท่อคอนกรีตชนิดท่อเหลี่ยม หมู่ที่ 2 ด้วยวิธีประกวดราคาอิเล็กทรอนิกส์ (e-bidding) (เลขที่โครงการ : 69039447117),22/05/2569,"800,000.00",ระหว่างดำเนินการ,
01/06/2026 07:29,สระบุรี,e-Bidding,27,กรมชลประทาน,ประกวดราคาซื้อปูนซีเมนต์ไฮดรอลิก ปูนถุง บรรจุ 50 กก. ถุง และอื่นๆ จำนวน 5 รายการ งานปรับปรุงระบบภูเขาเปียก อ่างเก็บน้ำมวกเหล็ก อันเนื่องมาจากพระราชดำริ โครงการชลประทานสระบุรี ตำบลคำพราน อำเภอวังม่วง จังหวัดสระบุรี ด้วยวิธีประกวดราคาอิเล็กทรอนิกส์ (e-bidding) (เลขที่โครงการ : 69059234278),21/05/2569,"2,203,391.04",ระหว่างดำเนินการ,
01/06/2026 07:29,สระบุรี,e-Bidding,28,กรมชลประทาน,ประกวดราคาซื้อประตูน้ำเหล็กหล่อลิ้นเกต (Gate Valve) ชนิดก้านไม่ยก ขนาด 6 นิ้ว (มอก. 256-2540) และอื่นๆ จำนวน 5 รายการ งานซ่อมแซมท่อส่งน้ำสาย RMP1-2L อ่างเก็บน้ำมวกเหล็กอันเนื่องมาจากพระราชดำริ โครงการชลประทานสระบุรี ตำบลแสลงพัน อำเภอวังม่วง จังหวัดสระบุรี ด้วยวิธีประกวดราคาอิเล็กทรอนิกส์ (e-bidding) (เลขที่โครงการ : 69059208723),21/05/2569,"520,634.03",ระหว่างดำเนินการ,
01/06/2026 07:29,สระบุรี,e-Bidding,29,องค์การบริหารส่วนตำบลวังม่วง,ประกวดราคาซื้อรถโดยสาร (รถตู้) 12 ที่นั่ง (ดีเซล) ด้วยวิธีประกวดราคาอิเล็กทรอนิกส์ (e-bidding) (เลขที่โครงการ : 69049152781),21/05/2569,"1,650,000.00",ระหว่างดำเนินการ,
01/06/2026 07:29,สระบุรี,e-Bidding,30,จังหวัดสระบุรี,ประกวดราคาซื้อเครื่องช่วยหายใจชนิดให้ออกซิเจนด้วยอัตราการไหลสูง (High Flow Oxygen Therapy) จำนวน 5 เครื่อง ด้วยวิธีประกวดราคาอิเล็กทรอนิกส์ (e-bidding) (เลขที่โครงการ : 69059142823),21/05/2569,"1,000,000.00",ระหว่างดำเนินการ,
01/06/2026 07:29,สระบุรี,e-Bidding,31,องค์การบริหารส่วนตำบลหนองหมู,ประกวดราคาจ้างก่อสร้างโครงการก่อสร้างถนนคอนกรีตเสริมเหล็ก บริเวณสายเลียบคลองสามสิบสาม  หมู่ที่ 6 ถึงหมู่ที่ 7  ตำบลหนองหมู อำเภอวิหารแดง จังหวัดสระบุรี ด้วยวิธีประกวดราคาอิเล็กทรอนิกส์ (e-bidding) (เลขที่โครงการ : 69049121649),21/05/2569,"3,584,000.00",ระหว่างดำเนินการ,
01/06/2026 07:29,สระบุรี,e-Bidding,32,เทศบาลตำบลไผ่ต่ำ,ประกวดราคาซื้อจัดซื้อรถยนต์โดยสาร ขนาดไม่น้อยกว่า 12 ที่นั่ง (ดีเซล) ด้วยวิธีประกวดราคาอิเล็กทรอนิกส์ (e-bidding) (เลขที่โครงการ : 68109214381),21/05/2569,"1,358,000.00",ระหว่างดำเนินการ,
01/06/2026 07:29,สระบุรี,e-Bidding,33,องค์การบริหารส่วนตำบลหนองจรเข้,ประกวดราคาจ้างก่อสร้างโครงการก่อสร้างถนนคอนกรีตเสริมเหล็กต่อจากถนนปูนของเดิม (หลังวัดหนองตะเฆ่) ถึงสะพานปูน หมู่ที่ 5 ด้วยวิธีประกวดราคาอิเล็กทรอนิกส์ (e-bidding) (เลขที่โครงการ : 69049029989),21/05/2569,"1,765,000.00",ระหว่างดำเนินการ,
01/06/2026 07:29,สระบุรี,e-Bidding,34,เทศบาลตำบลหน้าพระลาน,ประกวดราคาจ้างก่อสร้างปรับปรุงถนนคอนกรีตพร้อมก่อสร้างรางระบายน้ำ คสล. ถนนเทศบาล 1(เขานกยูง) ด้วยวิธีประกวดราคาอิเล็กทรอนิกส์ (e-bidding) (เลขที่โครงการ : 69049470072),20/05/2569,"2,890,000.00",ระหว่างดำเนินการ,
01/06/2026 07:29,สระบุรี,e-Bidding,35,การประปาส่วนภูมิภาคเขต ๒,ประกวดราคาจ้างก่อสร้างงานปรับปรุงเพิ่มประสิทธิภาพระบบท่อจ่ายน้ำ การประปาส่วนภูมิภาคสาขานครนายก ตำบลบ้านใหญ่ อำเภอเมืองนครนายก จังหวัดนครนายก ด้วยวิธีประกวดราคาอิเล็กทรอนิกส์ (e-bidding) (เลขที่โครงการ : 69049234848),19/05/2569,"18,735,700.00",ระหว่างดำเนินการ,
01/06/2026 07:29,สระบุรี,e-Bidding,36,จังหวัดสระบุรี,ประกวดราคาซื้อยูนิตทำฟัน ด้วยวิธีประกวดราคาอิเล็กทรอนิกส์ (e-bidding) (เลขที่โครงการ : 69049407529),19/05/2569,"920,000.00",ระหว่างดำเนินการ,
01/06/2026 07:29,สระบุรี,e-Bidding,37,จังหวัดสระบุรี,ประกวดราคาซื้อเครื่องจี้ห้ามเลือด เลาะเนื้อเยื่อ และเชื่อมปิดหลอดเลือดด้วยระบบไฟฟ้า จำนวน 1 เครื่อง ด้วยวิธีประกวดราคาอิเล็กทรอนิกส์ (e-bidding) (เลขที่โครงการ : 69049269167),19/05/2569,"1,600,000.00",ยกเลิกประกาศเชิญชวน,
01/06/2026 07:29,สระบุรี,e-Bidding,38,จังหวัดสระบุรี,ประกวดราคาซื้อเครื่องตรวจอวัยวะภายในด้วยคลื่นเสียงความถี่สูง ระดับความคมชัดสูง ๓ หัวตรวจ จำนวน ๑ เครื่อง ด้วยวิธีประกวดราคาอิเล็กทรอนิกส์ (e-bidding) (เลขที่โครงการ : 69049399247),19/05/2569,"2,500,000.00",ระหว่างดำเนินการ,
01/06/2026 07:29,สระบุรี,e-Bidding,39,องค์การบริหารส่วนตำบลหนองปลาไหล,ประกวดราคาจ้างก่อสร้างวางท่อประปาหมู่บ้าน หมู่ที่ 1 ด้วยวิธีประกวดราคาอิเล็กทรอนิกส์ (e-bidding) (เลขที่โครงการ : 69049126410),18/05/2569,"547,800.00",ระหว่างดำเนินการ,
01/06/2026 07:29,สระบุรี,e-Bidding,40,เทศบาลตำบลหนองโดน,ประกวดราคาจ้างก่อสร้างโครงการปรับปรุงภูมิทัศน์พร้อมทางเท้าบริเวณถนนสุขาภิบาล 1 หมู่ที่ 1 ด้วยวิธีประกวดราคาอิเล็กทรอนิกส์ (e-bidding) (เลขที่โครงการ : 69049201851),18/05/2569,"1,016,300.00",ระหว่างดำเนินการ,
01/06/2026 07:29,สระบุรี,e-Bidding,41,จังหวัดสระบุรี,ประกวดราคาซื้อตลับควบคุมน้ำเข้า - ออกตา ด้วยระบบปรับความดันน้ำเข้าตาอัตโนมัติ (ACTIVE FMS PACK BASIC) จำนวน ๗๘๐ ชิ้น ด้วยวิธีประกวดราคาอิเล็กทรอนิกส์ (e-bidding) (เลขที่โครงการ : 69029311488),18/05/2569,"1,335,360.00",ระหว่างดำเนินการ,
01/06/2026 07:29,สระบุรี,e-Bidding,42,จังหวัดสระบุรี,ประกวดราคาซื้อวัสดุการแพทย์ รายการข้อสะโพกเทียมชนิด Bipolar จำนวน 20 ชุด ด้วยวิธีประกวดราคาอิเล็กทรอนิกส์ (e-bidding) (เลขที่โครงการ : 69059234344),15/05/2569,"700,000.00",ระหว่างดำเนินการ,
01/06/2026 07:29,สระบุรี,e-Bidding,43,จังหวัดสระบุรี,ประกวดราคาซื้อวัสดุการแพทย์ รายการชุดข้อเข่าเทียมแบบส่วนรับน้ำหนักไม่สามารถเคลื่อนไหวได้ จำนวน 50 ชุด ด้วยวิธีประกวดราคาอิเล็กทรอนิกส์ (e-bidding) (เลขที่โครงการ : 69059233150),15/05/2569,"2,300,000.00",ระหว่างดำเนินการ,
01/06/2026 07:29,สระบุรี,e-Bidding,44,จังหวัดสระบุรี,ประกวดราคาซื้อวัสดุการแพทย์ รายการชุดข้อเข่าเทียมชนิดเปลี่ยนผิวข้อด้านเดียว ชนิดแผ่นรองข้อเข่าเคลื่อนไหวได้ จำนวน 50 ชุด (ครั้งที่ 2) ด้วยวิธีประกวดราคาอิเล็กทรอนิกส์ (e-bidding) (เลขที่โครงการ : 69059036716),15/05/2569,"2,545,100.00",ระหว่างดำเนินการ,
01/06/2026 07:29,สระบุรี,e-Bidding,45,องค์การบริหารส่วนตำบลบ้านแก้ง,"ประกวดราคาซื้อโครงการจัดซื้อรถบรรทุก (ดีเซล) ขนาด ๖ ตัน ๖ ล้อ ปริมาตรกระบอกสูบไม่ต่ำกว่า ๖,๐๐๐ ซีซี หรือกำลังเครื่องยนต์สูงสุดไม่ต่ำกว่า ๑๗๐ กิโลวัตต์ แบบบรรทุกน้ำ ด้วยวิธีประกวดราคาอิเล็กทรอนิกส์ (e-bidding) (เลขที่โครงการ : 68129558765)",15/05/2569,"2,702,000.00",ระหว่างดำเนินการ,
01/06/2026 07:29,สระบุรี,e-Bidding,46,จังหวัดสระบุรี,ประกวดราคาซื้อครุภัณฑ์การแพทย์ จำนวน ๑ รายการ ด้วยวิธีประกวดราคาอิเล็กทรอนิกส์ (e-bidding) (เลขที่โครงการ : 69049268900),15/05/2569,"920,000.00",ยกเลิกประกาศเชิญชวน,
01/06/2026 07:29,สระบุรี,e-Bidding,47,องค์การบริหารส่วนตำบลบ้านป่า,ประกวดราคาเช่าเช่ารถประจำตำแหน่งนายกอบต. ด้วยวิธีประกวดราคาอิเล็กทรอนิกส์ (e-bidding) (เลขที่โครงการ : 69059216891),15/05/2569,"1,566,000.00",ระหว่างดำเนินการ,
01/06/2026 07:29,สระบุรี,e-Bidding,48,โรงพยาบาลบ้านหมอ,ประกวดราคาจ้างก่อสร้างงานซ่อมแซมห้องพิเศษและห้องแยกโรค โรงพยาบาลบ้านหมอ ด้วยวิธีประกวดราคาอิเล็กทรอนิกส์ (e-bidding) (เลขที่โครงการ : 69039580429),15/05/2569,"1,753,519.04",ระหว่างดำเนินการ,
01/06/2026 07:29,สระบุรี,e-Bidding,49,สถาบันพระบรมราชชนก,ประกวดราคาซื้อโครงการสนับสนุนค่าใช้จ่ายต่างๆ จัดซื้อครุภัณฑ์สำนักงาน ได้แก่ จัดซื้อเก้าอี้เล็คเชอร์ ด้วยวิธีประกวดราคาอิเล็กทรอนิกส์ (e-bidding) (เลขที่โครงการ : 69059196734),14/05/2569,"600,000.00",ระหว่างดำเนินการ,
01/06/2026 07:29,สระบุรี,e-Bidding,50,เทศบาลเมืองสระบุรี,ประกวดราคาจ้างก่อสร้างปรับปรุงภูมิทัศน์บริเวณท่าน้ำวัดบ้านอ้อย ด้วยวิธีประกวดราคาอิเล็กทรอนิกส์ (e-bidding) (เลขที่โครงการ : 69039307931),14/05/2569,"6,000,000.00",ระหว่างดำเนินการ,
01/06/2026 07:29,สระบุรี,e-Bidding,51,เทศบาลตำบลหนองแค,ประกวดราคาซื้อจัดซื้อหนังสือเรียน ด้วยวิธีประกวดราคาอิเล็กทรอนิกส์ (e-bidding) (เลขที่โครงการ : 69059115009),14/05/2569,"694,283.00",ระหว่างดำเนินการ,
